Nome,Precos,Data
CERVEJA 1500 PURO MALTE GARRAFA 600ML,6.89,27/1
CERVEJA 2 CABEÇAS BATIDA DE MARACUJÁ 473ML,26.49,27/1
CERVEJA 2 CABEÇAS CAFÉ COM BOLINHO 473ML,26.49,27/1
CERVEJA 2 CABEÇAS OIZ DOCE 473ML,30.99,27/1
CERVEJA 2 CABEÇAS PUDIM 473ML,26.49,27/1
CERVEJA 2 CABEÇAS SEU ZÉ 500ML\T,30.99,27/1
CERVEJA 2 CABEÇAS ZEZINHO 500ML,30.99,27/1
CERVEJA 2 CABEÇAS ZÉ 500ML,30.99,27/1
CERVEJA ALEMÃ OETTINGE X FORTE LATA 500ML,16.99,27/1
CERVEJA ALEMÃ PAULANE DUNKEL LATA 500ML,24.99,27/1
CERVEJA ALEMÃ PAULANE SEM ÁLCOOL LATA 500ML,21.99,27/1
CERVEJA AMERICANA LAGER DAMA BIER GARRAFA 600ML,19.99,27/1
CERVEJA APA DOM LENNON DOM HAUS LATA 350ML MOSAIC EDITION,17.99,27/1
CERVEJA ARTESANAL LEUVEN ED ALE KNIGHT 500ML,21.99,27/1
CERVEJA AVÓS VÓ FRANCISCA DARK LAGER LATA 473ML,25.99,27/1
CERVEJA BADEN BADEN AMERICAN IPA LATA 350ML,5.69,27/1
CERVEJA BADEN BADEN AMERICAN IPA PURO MALTE GARRAFA 600ML,13.99,27/1
CERVEJA BADEN BADEN CHRISTMAS GARRAFA 600ML,15.99,27/1
CERVEJA BADEN BADEN CRISTAL PILSEN LATA 350ML,5.69,27/1
CERVEJA BADEN BADEN PILSEN CRISTAL GARRAFA 600ML,13.99,27/1
CERVEJA BADEN BADEN WITBIER LATA 350ML,5.69,27/1
CERVEJA BAVAIA LATA 350ML,2.19,27/1
CERVEJA BECKS PURO MALTE 350ML LATA,4.79,27/1
CERVEJA BELGA HOEGAADEN WITBIER GARRAFA 330ML IMPORTADA,7.99,27/1
CERVEJA BELGIAN ALE DELIRIUM TREMENS GARRAFA 330ML,37.99,27/1
CERVEJA BIER DAMA QI AMERICAN PALE ALE GARRAFA 500ML,19.99,27/1
CERVEJA BLACK PRINCESS GOLD 355ML,4.39,27/1
CERVEJA BLONDINE WITBIER GARRAFA 500ML,24.99,27/1
CERVEJA BLUE MOON BELGIAN WHITE GARRAFA 355ML,15.99,27/1
CERVEJA BOHEMIA PURO MALTE 350ML LATA PACK C/18,55.62,27/1
CERVEJA BOOKLYN LAGER VIENNA 355ML,15.99,27/1
CERVEJA BRAHMA CHOPP PILSEN 269ML LATA,2.49,27/1
CERVEJA BRAHMA DUPLO MALTE PURO MALTE 350ML LATA,3.19,27/1
CERVEJA BUDWEISE GARRAFA 330ML - 16 UNIDADES,71.84,27/1
CERVEJA BUDWEISER AMERICAN LAGER 269ML LATA,3.29,27/1
CERVEJA BUDWEISER AMERICAN LAGER 550ML GARRAFA,8.49,27/1
CERVEJA BUDWEISER LAGER  330ML LONG NECK PACK C/6,26.94,27/1
CERVEJA COLOADO APPIA GARRAFA 600ML,10.99,27/1
CERVEJA COLOADO IBEIRÃO LAGER LONG NECK 355ML,5.99,27/1
CERVEJA CONTI BIER LATA 269ML,1.86,27/1
CERVEJA CORONA EXTRA PILSEN 330ML LONG NECK,5.99,27/1
CERVEJA DEVASSA PURO MALTE LATA 350ML,3.19,27/1
CERVEJA DOKTOR BRAU NEW SESSION 500ML,24.99,27/1
CERVEJA DOM CASMUO IPA GARRAFA 600ML,23.99,27/1
CERVEJA DOM HAUS DOM PEDRO HELLES 600ML,21.99,27/1
CERVEJA DOM HAUS DOM QUIXOTE WEIZEN 600ML,22.99,27/1
CERVEJA EISENBAHN AMERICAN IPA PURO MALTE LATA 350ML,4.79,27/1
CERVEJA EISENBAHN AMERICAN IPA PURO MALTE LONG NECK 355ML,5.79,27/1
CERVEJA EISENBAHN PALE ALE PURO MALTE LONG NECK 355ML,5.79,27/1
CERVEJA EISENBAHN PILSEN PURO MALTE LATA 350ML,3.99,27/1
CERVEJA EISENBAHN WEIZENBIER LONG NECK 355ML,5.79,27/1
CERVEJA FABICA 1959 PILSEN PURO MALTE GARRAFA 500ML,11.49,27/1
CERVEJA FABICA 1959 WEISS GARRAFA 500ML,11.49,27/1
CERVEJA FÁBRICA 1959 IPA LATA 350ML,7.29,27/1
CERVEJA GUINNESS DRAUGHT IN CAN 440ML,23.99,27/1
CERVEJA HEINEKEN GARRAFA 600ML,9.99,27/1
CERVEJA HEINEKEN KEG 5L ,79.99,27/1
CERVEJA HEINEKEN LATA 250ML,3.39,27/1
CERVEJA HEINEKEN LATA 250ML -CAIXA COM 6 UNIDADES,20.34,27/1
CERVEJA HEINEKEN LATA 350ML,4.65,27/1
CERVEJA HOCUS POCUS ORANGE SUNSHINE GARRAFA 500ML,18.99,27/1
CERVEJA INDIANA CLARA WHITE ALE THEE MONKEYS 500ML,22.99,27/1
CERVEJA INVICTA FRUT MARACUJIPA GARRAFA 500ML,21.99,27/1
CERVEJA INVICTA HELLBEIRÃO GARRAFA 500ML,19.99,27/1
CERVEJA INVICTA SAISON À TROIS GARRAFA 500ML,19.99,27/1
CERVEJA IPA DOM CASMURRO DOM HAUS LATA 350ML,19.99,27/1
CERVEJA IPA THREE MONKEYS GARRAFA 500ML,23.99,27/1
CERVEJA IRLANDESA GUINNESS DRAUGHT LATA 440ML - PACK COM 24 UNIDADES,575.76,27/1
CERVEJA ITAIPAVA ZERO ÁLCOOL LATA 350ML,3.39,27/1
CERVEJA KAISE PILSEN LATÃO 473ML,2.89,27/1
CERVEJA LAGER PURO MALTE BROOKLYN GARRAFA 355ML,19.99,27/1
CERVEJA LAGUNITAS IPA LONG NECK 355ML,10.99,27/1
CERVEJA LEUVEN DUBBEL COM CACAU MONK GARRAFA 500ML,25.99,27/1
CERVEJA LEUVEN MYSTIC POTION SOUR UVA GARRAFA 355ML,19.99,27/1
CERVEJA LEUVEN WEISSBIER ACHE GARRAFA 500ML,21.99,27/1
CERVEJA MATINA ARTESANAL LAGER GARRAFA 600ML,15.99,27/1
CERVEJA MÜNCHNER HELL PURO MALTE PAULANER GARRAFA 500ML,26.85,27/1
CERVEJA PATAGONIA BOHEMIAN PILSENER 355ML LONG NECK,5.99,27/1
CERVEJA PAULANER WEISSBIER LATA 500ML,22.38,27/1
CERVEJA PILSEN ANTARCTICA ORIGINAL LATA 269ML,2.79,27/1
CERVEJA PRAYA WITBIER LATA 269ML,5.99,27/1
CERVEJA PREMIUM WITBIER PAYA 600ML,12.99,27/1
CERVEJA SESSION YE IPA DRACHE LEUVEN GARRAFA 500ML,21.99,27/1
CERVEJA STELLA ARTOIS PURO MALTE 269ML LATA,3.49,27/1
CERVEJA SUMMER IPA TUPINIQUIM LATA 350ML,12.84,27/1
CERVEJA THEE MONKEYS COOL LAGER 500ML,18.99,27/1
CERVEJA THEE MONKEYS GOLDEN ALE 500ML ,20.99,27/1
CERVEJA THEREZÓPOLIS OR BLANC WITBIER GARRAFA 500ML ,11.99,27/1
CERVEJA THREE MONKEYS IM SOUR GOIABA E PITAYA LATA 473ML,24.99,27/1
CERVEJA THREE MONKEYS IM SOUR PITAYA. FRAMBOESA E LIMÃO LATA 473ML,24.99,27/1
CERVEJA URBANA GORDELÍCIA BELGIAN GOLDEN STRONG ALE GARRAFA 500ML,19.99,27/1
CERVEJA VELHAS VIRGENS INDIE MAN GARRAFA 500ML,24.99,27/1
CERVEJA WEISS PRIUS PRIME GARRAFA 600ML,24.99,27/1
CERVEJA WEIZEN INICIAÇÃO INVICTA GARRAFA 500ML,19.99,27/1
CERVEJA WELTENBUGE KLOSTER GARRAFA 500ML,16.99,27/1
CERVEJA WEST COAST YE IPA TUPI DAMA BIER GARRAFA 600ML,24.99,27/1
CERVEJA WÄLS SESSION CITRA PURO MALTE 600ML GARRAFA,14.99,27/1
