Nome,Precos
['Cerveja HEINEKEN Lata 350ml'],"['R$4,65']"
['Cerveja LAGUNITAS Ipa Long Neck 355ml'],"['R$8,99']"
['Cerveja AMSTEL Puro Malte Lata 350ml'],"['R$3,19']"
['Cerveja BADEN BADEN American Ipa Lata 350ml'],"['R$5,39']"
['Cerveja Stella Artois Puro Malte 269ml Lata'],"['R$3,39']"
['Cerveja Lager Puro Malte Amstel Lata 269ml'],"['R$2,39']"
['Cerveja EISENBAHN American Ipa Puro Malte Lata 350ml'],"['R$4,69']"
['Cerveja EISENBAHN Pilsen Puro Malte Lata 350ml'],"['R$3,99']"
['Cerveja BADEN BADEN Pilsen Cristal Garrafa 600ml'],"['R$12,89']"
['Cerveja Eisenbahn Weizenbier Long Neck 355ml'],"['R$5,29']"
['Cerveja HEINEKEN Garrafa 250ml'],"['R$3,89']"
['Cerveja Belga HOEGAARDEN Witbier Garrafa 330ml Importada'],"['R$5,99']"
['Cerveja HEINEKEN Garrafa 600ml'],"['R$9,99']"
['Cerveja Stella Artois Puro Malte 275ml Long Neck'],"['R$4,49']"
['Cerveja COLORADO Appia Garrafa 600ml'],"['R$10,99']"
['Cerveja BADEN BADEN Cristal Pilsen Lata 350ml'],"['R$5,39']"
['Cerveja Heineken Keg 5L '],"['R$79,99']"
['Cerveja Budweiser American Lager 269ml Lata'],"['R$3,19']"
['Cerveja Corona Extra Pilsen 330ml Long Neck'],"['R$5,99']"
['Cerveja Brahma Duplo Malte Puro Malte 350ml Lata'],"['R$3,19']"
['Cerveja BADEN BADEN Witbier Lata 350ml'],"['R$5,39']"
['Cerveja EISENBAHN American Ipa Puro Malte Long Neck 355ml'],"['R$5,29']"
['Cerveja Guinness Draught In Can 440ml'],"['R$23,99']"
['Kit com 6 Cervejas BLUE MOON Garrafa 355m Cada'],"['R$95,94']"
['Cerveja Mexicana SOL Garrafa 330ml - Caixa com 24 Unidades'],"['R$102,96']"
['Cerveja Americana Lager DAMA Bier Garrafa 600ml'],"['R$19,99']"
['Cerveja Lager Puro Malte Brooklyn Garrafa 355ml'],"['R$19,99']"
['Cerveja Blondine Tropical Cajá Garrafa 500ml'],"['R$33,99']"
['Cerveja 2 Cabeças Apfelstrudel 473ml'],"['R$30,99']"
['Cerveja Irlandesa GUINNESS Draught Lata 440ml - Pack com 24 unidades'],"['R$575,76']"
['Cerveja Puro Malte TIGER Lata 350ml'],"['R$3,39']"
['Cerveja FABRICA 1959 WEISS Garrafa 500ml'],"['R$11,49']"
['Kit 6 Cervejas Lagunitas Ipa Long Neck 355ml + 1 Mix De Cogumelos Burger Seara Gourmet 320g'],"['R$78,23']"
['Cerveja Invicta New Senssesion Garrafa 500ml'],"['R$19,99']"
['Kit Caneca + 2 Cervejas Münchner Helles Original HB 500ml Cada'],"['R$109,99']"
['Kit Linguiça com alho poró Seara Gourmet 500g + Mostarda Amarela Heinz Squeeze 255g + 8 Cerveja Stella Artois Puro Malte 350ml Lata'],"['R$00,00']"
"['Kit São João, com Brahma Chopp, Amendoim e Paçoquinha YOKI para aproveitar o São João em casa ']","['R$00,00']"
"[""Cerveja Three Monkeys I'm Sour Goiaba e Pitaya Lata 473ml""]","['R$24,99']"
['Cerveja Belga VEDETT White Garrafa 330ml - Caixa com 24 Unidades'],"['R$575,76']"
['Cerveja Belga VEDETT White Garrafa 330ml Cada - Caixa com 4 unidades'],"['R$95,96']"
['Cerveja Belga VEDETT White Garrafa 330ml'],"['R$23,99']"
['Cerveja Bohemia Puro Malte 350ml Lata Pack C/18'],"['R$52,02']"
['Cerveja Velhas Virgens Indie Man Garrafa 500ml'],"['R$24,99']"
['Cerveja INVICTA Saison À Trois Garrafa 500ml'],"['R$19,99']"
['Cerveja LEUVEN Belgian Ipa DRAGON Garrafa 500ml'],"['R$24,99']"
['Cerveja Artesanal Martina Session IPA Blondine Lata 350ml'],"['R$12,99']"
['Cerveja alemã Paulaner Hefe-weiss 500ml'],"['R$21,99']"
['Cerveja West Coast Rye IPA Tupi Dama Bier Garrafa 600ml'],"['R$24,99']"
['Cerveja Blanche Bruxelles Witbier 330ml'],"['R$27,99']"
['Cerveja PATAGONIA Amber Lager Lata 473ml'],"['R$6,49']"
['Cerveja Dinamarquesa FAXE Ipa Lata 500ml'],"['R$21,99']"
['Cerveja AVÓS Vó Terezinha German Pils Lata 473ml'],"['R$25,99']"
['Cerveja Munich Helles Dom Pedro Dom Haus Lata 350ml'],"['R$17,99']"
['Cerveja AVÓS Vó Ana Wheat Lager Lata 473ml'],"['R$25,99']"
['Cerveja LEUVEN Dubbel com Cacau MONK Garrafa 500ml'],"['R$25,99']"
['Cerveja Bier DAMA Weissbier Garrafa 600ml'],"['R$19,99']"
['Cerveja Summit APA Tupiniquim Garrafa 350ml'],"['R$13,99']"
['Cerveja MARTINA Artesanal Witbier Garrafa 300ml'],"['R$8,99']"
['Cerveja Budweiser American Lager 550ml Garrafa'],"['R$8,49']"
['Cerveja Kölsch Ginjo Puro Malte Prius Prime Garrafa 600ml'],"['R$19,99']"
['Cerveja American Pale Ale Prime Bier Garrafa 600ml'],"['R$24,99']"
['Cerveja BRAHMA Chopp Lata 350ml'],"['R$2,99']"
"[""Cerveja Fuller's Ipa Garrafa 500ml""]","['R$42,99']"
['Cerveja Dinamarquesa FAXE Premium Lata 1 Litro'],"['R$34,99']"
['Cerveja 2 Cabeças Feijoada 473ml'],"['R$30,99']"
['Cerveja 2 Cabeças Café com Bolinho 473ml'],"['R$26,49']"
['Cerveja Dinamarquesa FAXE Royal Lata 500ml'],"['R$12,99']"
['Cerveja Doktor Brau New Session 500ml'],"['R$24,99']"
['Cerveja 2 Cabeças ZÉ 500ml'],"['R$30,99']"
['Cerveja Weiss Maracujá TUPINIQUIM Lata 350ml'],"['R$13,99']"
['Cerveja Premium Witbier PRAYA 600ml'],"['R$12,99']"
['Kit Cerveja LA TRAPPE DUBBEL Garrafa 750ml'],"['R$189,99']"
['Cerveja 2 Cabeças Roiz Doce 473ml'],"['R$30,99']"
['Cerveja Alemã PAULANER LEMON LATA 500ML'],"['R$20,29']"
['Cerveja 1500 Puro Malte Garrafa 600ml'],"['R$6,89']"
['Cerveja APA Dom Lennon Dom Haus Lata 350ml Mosaic Edition'],"['R$17,99']"
['Cerveja AVÓS Vó Francisca Dark Lager Lata 473ml'],"['R$25,99']"
['Cerveja Weiss Prius Prime Garrafa 600ml'],"['R$24,99']"
['Cerveja Dinamarquesa FAXE Witbier Lata 1 Litro'],"['R$42,99']"
['Cerveja IPA Three Monkeys Garrafa 500ml'],"['R$23,99']"
['Cerveja Session Rye IPA Drache Leuven Garrafa 500ml'],"['R$21,99']"
['Cerveja DOKTOR BRÄU Irish Red Ale Garrafa 500ml'],"['R$18,99']"
['Cerveja THREE MONKEYS Cool Lager 500ml'],"['R$18,99']"
['Cerveja Bock Tião Black Princess Garrafa 600ml'],"['R$17,99']"
['Cerveja World Lager Estrella Galicia Garrafa 200ml'],"['R$5,19']"
['Cerveja Invicta Frut Maracujipa Garrafa 500ml'],"['R$21,99']"
"[""Cerveja Three Monkeys I'm Sour Pitaya, Framboesa e Limão Lata 473ml""]","['R$24,99']"
['Cerveja SOL Premium Long Neck 330ml'],"['R$4,29']"
['Cerveja AVÓS Vó Maria Hoppy Pils Lata 473ml'],"['R$25,99']"
['Cerveja DOM CASMURRO Ipa Garrafa 600ml'],"['R$23,99']"
['Cerveja DOM HAUS Dom Quixote Weizen 600ml'],"['R$22,99']"
['CERV DRAFT PESSEGO'],"['R$15,99']"
['Cerveja Blondine Felina 350ml '],"['R$11,99']"
['Cerveja AVÓS Vó Antônia India Pale Lager Lata 473ml'],"['R$25,99']"
['Cerveja Weizenbock Pikantus Erdinger Garrafa 500ml'],"['R$29,99']"
['Cerveja CONTI Bier Pilsen Lata 350ml'],"['R$1,95']"
['Cerveja AMSTEL Lager Garrafa 600ml - Caixa com 12 Unidades'],"['R$00,00']"
['Cerveja AMSTEL Lager Lata 473ml - Pack com 12 latas'],"['R$50,28']"
['Cerveja Blondine Hop Damage 350ml '],"['R$14,99']"
['Kit Linguiça cuiabana Seara Gourmet 500g + Mostarda Amarela Heinz Squeeze 255g + 8 Cervejas Stella Artois Puro Malte 350ml Lata'],"['R$00,00']"
['Cerveja BLONDINE Jackpot Lata 350ml'],"['R$10,99']"
['Cerveja IPA Ginjo Puro Malte Prius Prime Garrafa 600ml'],"['R$24,99']"
['Kit 1 Cerveja COLORADO DEMOISEL Garrafa 600ML + 2 Chocolate 60% Cacau Montblanc 80g'],"['R$46,97']"
['Cerveja Summer Ipa TUPINIQUIM Lata 350ml'],"['R$12,84']"
['Cerveja SCHIN Lata 350ml'],"['R$2,29']"
['Cerveja Goose Island Midway Long Neck 355ml'],"['R$8,99']"
['Cerveja Praya Witbier Lata 269ml'],"['R$5,99']"
['Cerveja Skol Pilsen 269ml Lata'],"['R$2,39']"
['Cerveja MARTINA Artesanal Session Ipa Garrafa 300ml'],"['R$9,09']"
['Cerveja Patagonia Bohemian Pilsener 355ml Long Neck'],"['R$5,39']"
['Cerveja Brahma Chopp Pilsen 269ml Lata'],"['R$2,49']"
['Cerveja KAISER Pilsen Latão 473ml'],"['R$2,89']"
['Cerveja COLORADO Ribeirão Lager 600 ML Garrafa'],"['R$10,99']"
['Cerveja Hocus Pocus Interstellar Garrafa 500ml'],"['R$27,99']"
['Cerveja FRANZISKANER Weissbier Dunkel Garrafa 500ml'],"['R$19,99']"
['Kit 6 Cervejas Brahma Duplo Malte 350Ml + Pizza de frango com catupiry Seara 460g'],"['R$36,13']"
['Kit Cerveja BLUE MOON Garrafa 355ml com 24 unidades'],"['R$383,76']"
['Kit 3 Cerveja Stella Artois SEM GLUTEN 330 ML Long Neck + \tKibe Seara incrível 300g'],"['R$34,76']"
['Cerveja Mexicana CORONA Garrafa 330ml - 24 Unidades'],"['R$143,76']"
['Cerveja Lager Premium Puro Malte Heineken Garrafa 330ml'],"['R$5,29']"
['Cerveja PATAGONIA Amber Lager Garrafa Long Neck 355ml'],"['R$5,39']"
['Cerveja Brahma Chopp Pilsen 350ml Lata Pack C/18'],"['R$50,22']"
['Cerveja Budweiser American Lager 330ml Long Neck'],"['R$4,49']"
['Cerveja Amber Lager Puro Malte Cacildis Lata 350ml'],"['R$3,59']"
['Cerveja Skol Pilsen 473ml Lata'],"['R$3,79']"
['Cerveja Dinamarquesa FAXE Royal Export Lata 1 Litro'],"['R$34,99']"
['Cerveja Coronita Pilsen 210ml Long Neck'],"['R$3,99']"
['Cerveja HEINEKEN Zero Álcool Lata 350ml'],"['R$4,67']"
['Cerveja Pilsen Puro Malte Eisenbahn Lata 269ml'],"['R$2,99']"
['Cerveja Amstel Ultra Lata 269ml'],"['R$3,49']"
['Cerveja Colorado Demoiselle 600ml Garrafa'],"['R$12,99']"
['Cerveja BADEN BADEN Christmas Garrafa 600ml'],"['R$15,99']"
['Cerveja BOHEMIA Lata 350ml'],"['R$3,09']"
['Cerveja Malzbier Itaipava Garrafa 355ml'],"['R$3,59']"
['Cerveja Black Princess Gold 355ml'],"['R$3,09']"
['Cerveja Alemã PAULANER Hefe Weissbier sem Álcool Garrafa 500ml'],"['R$23,86']"
['Cerveja ITAIPAVA Lata 269ml'],"['R$1,89']"
['Cerveja Skol Pilsen 350ml Lata'],"['R$2,79']"
['Cerveja PATAGONIA WEISSE Garrafa 740ML'],"['R$12,99']"
['Cerveja HEINEKEN Garrafa 600ml - Caixa com 12 Unidades'],"['R$119,88']"
['Kit com 6 Cervejas BLUE MOON Garrafa 355m Cada'],"['R$95,94']"
['Cerveja Mexicana SOL Garrafa 330ml - Caixa com 24 Unidades'],"['R$102,96']"
['Cerveja Americana Lager DAMA Bier Garrafa 600ml'],"['R$19,99']"
['Cerveja Lager Puro Malte Brooklyn Garrafa 355ml'],"['R$19,99']"
['Cerveja Blondine Tropical Cajá Garrafa 500ml'],"['R$33,99']"
['Cerveja 2 Cabeças Apfelstrudel 473ml'],"['R$30,99']"
['Cerveja Irlandesa GUINNESS Draught Lata 440ml - Pack com 24 unidades'],"['R$575,76']"
['Cerveja Puro Malte TIGER Lata 350ml'],"['R$3,39']"
['Cerveja FABRICA 1959 WEISS Garrafa 500ml'],"['R$11,49']"
['Kit 6 Cervejas Lagunitas Ipa Long Neck 355ml + 1 Mix De Cogumelos Burger Seara Gourmet 320g'],"['R$78,23']"
['Cerveja Invicta New Senssesion Garrafa 500ml'],"['R$19,99']"
['Kit Caneca + 2 Cervejas Münchner Helles Original HB 500ml Cada'],"['R$109,99']"
['Kit Linguiça com alho poró Seara Gourmet 500g + Mostarda Amarela Heinz Squeeze 255g + 8 Cerveja Stella Artois Puro Malte 350ml Lata'],"['R$00,00']"
"['Compre 1 costela e +R$1,00 leve 1 pack de Colorado Ribeirão Lager 350ml']","['R$103,93']"
"[""Cerveja Fuller's Golden Pride Garrafa 500ml""]","['R$42,99']"
['Cerveja Stella Artois Puro Malte 269ml Lata Pack C/8'],"['R$27,12']"
['Kit Churrasco: 1 QA CARVAO VEGETAL QUALITA 5KG + Cerveja BRAHMA DUPLO MALTE 350 ml Lata (Pack 24 unidades)'],"['R$100,55']"
['Kit 6 Cervejas Corona 330 ML Long Neck + Limão Tahiti 500g'],"['R$39,43']"
"['Kit São João, com Brahma Chopp, Amendoim e Paçoquinha YOKI para aproveitar o São João em casa ']","['R$00,00']"
"[""Cerveja Three Monkeys I'm Sour Goiaba e Pitaya Lata 473ml""]","['R$24,99']"
['Cerveja Belga VEDETT White Garrafa 330ml - Caixa com 24 Unidades'],"['R$575,76']"
['Cerveja Belga VEDETT White Garrafa 330ml Cada - Caixa com 4 unidades'],"['R$95,96']"
['Cerveja Belga VEDETT White Garrafa 330ml'],"['R$23,99']"
['Cerveja Bohemia Puro Malte 350ml Lata Pack C/18'],"['R$52,02']"
['Cerveja Velhas Virgens Indie Man Garrafa 500ml'],"['R$24,99']"
['Cerveja INVICTA Saison À Trois Garrafa 500ml'],"['R$19,99']"
['Cerveja LEUVEN Belgian Ipa DRAGON Garrafa 500ml'],"['R$24,99']"
['Cerveja Artesanal Martina Session IPA Blondine Lata 350ml'],"['R$12,99']"
['Cerveja AVÓS Vó Terezinha German Pils Lata 473ml'],"['R$25,99']"
['Cerveja Munich Helles Dom Pedro Dom Haus Lata 350ml'],"['R$17,99']"
['Cerveja AVÓS Vó Ana Wheat Lager Lata 473ml'],"['R$25,99']"
['Cerveja LEUVEN Dubbel com Cacau MONK Garrafa 500ml'],"['R$25,99']"
['Cerveja Bier DAMA Weissbier Garrafa 600ml'],"['R$19,99']"
['Cerveja Summit APA Tupiniquim Garrafa 350ml'],"['R$13,99']"
['Cerveja MARTINA Artesanal Witbier Garrafa 300ml'],"['R$8,99']"
['Cerveja Budweiser American Lager 550ml Garrafa'],"['R$8,49']"
['Cerveja Kölsch Ginjo Puro Malte Prius Prime Garrafa 600ml'],"['R$19,99']"
['Cerveja American Pale Ale Prime Bier Garrafa 600ml'],"['R$24,99']"
['Cerveja BRAHMA Chopp Lata 350ml'],"['R$2,99']"
"[""Cerveja Fuller's Ipa Garrafa 500ml""]","['R$42,99']"
['Cerveja Yellowhops Puro Malte Lata 350ml'],"['R$3,89']"
['Cerveja Blondine Tropical Jabuticaba Garrafa 500ml'],"['R$32,99']"
['Cerveja Artesanal Horny Pig Blondine 350ml'],"['R$13,99']"
['Cerveja Jamaicana RED STRIPE Lager Garrafa 330ml'],"['R$11,99']"
['Cerveja MARTINA Artesanal Session Ipa Garrafa 600ml'],"['R$18,99']"
['Cerveja LEUVEN Witbier WITCH Garrafa 500ml'],"['R$14,99']"
['Cerveja LEUVEN Weissbier ARCHER Garrafa 500ml'],"['R$21,99']"
['Cerveja Indiana Clara White Ale THREE MONKEYS 500ml'],"['R$22,99']"
['Cerveja Dinamarquesa FAXE Witbier Lata 500ml'],"['R$21,99']"
['Cerveja Session IPA Puro Malte Dom Hanks Dom Haus Garrafa 600ml'],"['R$22,79']"
['Cerveja INVICTA Hellbeirão Garrafa 500ml'],"['R$19,99']"
['Cerveja THREE MONKEYS Golden Ale 500ml '],"['R$20,99']"
['Cerveja Blondine Volcano 350ml Lata 350ml '],"['R$14,99']"
['Cerveja BLONDINE Pivo Czech Bohemian Pilsen 500ml'],"['R$19,99']"
['Cerveja IPA Maniacs Lata 350ml'],"['R$7,99']"
['Cerveja República Tcheca  CZECHVAR Budvar Garrafa 500ml'],"['R$23,99']"
['Cerveja American Ipa Hoppy Revolution Killbrew 500ml'],"['R$26,49']"
['Cerveja Session IPA Puro Malte Dom Hanks Dom Haus Lata 350ml'],"['R$16,99']"
['Cerveja APA Puro Malte Dom Lennon Dom Haus Garrafa 600ml Mosaic Edition'],"['R$23,79']"
['Cerveja Leffe Blonde 330ml Long Neck'],"['R$11,99']"
['Cerveja Münchner Hell Puro Malte Paulaner Garrafa 500ml'],"['R$26,85']"
['Cerveja Alemã Escura ERDINGER Weibbier Dunkel Garrafa 500ml'],"['R$29,79']"
['Cerveja Lubeck Witbier Tangerina Garrafa 500ml.'],"['R$18,99']"
['Cerveja BLONDINE Horney Pig Session Ipa Garrafa 500ml'],"['R$23,99']"
['Cerveja Bohemia Puro Malte 350ml Lata - Pack C/12'],"['R$37,08']"
['Cerveja AMSTEL Lager Lata 350ml - Caixa com 12 Unidades'],"['R$38,28']"
['Cerveja Brahma Chopp Pilsen 350ml Lata - Pack C/12'],"['R$35,88']"
['Cerveja BOHEMIA Lata 350ml Cada - 48 Unidades'],"['R$148,32']"
['Cerveja Mexicana SOL Garrafa 330ml - Caixa com 24'],"['R$102,96']"
"['Cerveja Skol, Pilsen 350ml Lata Pack C/18']","['R$50,22']"
['Cerveja Skol Pilsen 473ml Lata Pack C/12'],"['R$45,48']"
['Kit com 15 Cervejas SKOL Puro Malte Lata 269ml Cada + Sacola Cooler'],"['R$79,34']"
['Kit 12 Cervejas Lagunitas Ipa Long Neck 355ml + 1 Bacon em Fatias Seara Gourmet 250g + 2 Mix De Cogumelos Burger Seara Gourmet 320g'],"['R$179,45']"
['Cerveja AMSTEL Lager Garrafa 600ml - Caixa com 12 Unidades'],"['R$00,00']"
['Cerveja AMSTEL Lager Lata 473ml - Pack com 12 latas'],"['R$50,28']"
['Cerveja Blondine Hop Damage 350ml '],"['R$14,99']"
['Kit Linguiça cuiabana Seara Gourmet 500g + Mostarda Amarela Heinz Squeeze 255g + 8 Cervejas Stella Artois Puro Malte 350ml Lata'],"['R$00,00']"
['Cerveja BLONDINE Jackpot Lata 350ml'],"['R$10,99']"
['Cerveja IPA Ginjo Puro Malte Prius Prime Garrafa 600ml'],"['R$24,99']"
['Kit 1 Cerveja COLORADO DEMOISEL Garrafa 600ML + 2 Chocolate 60% Cacau Montblanc 80g'],"['R$46,97']"
['Cerveja Summer Ipa TUPINIQUIM Lata 350ml'],"['R$12,84']"
['Cerveja SCHIN Lata 350ml'],"['R$2,29']"
['Cerveja Goose Island Midway Long Neck 355ml'],"['R$8,99']"
['Cerveja Praya Witbier Lata 269ml'],"['R$5,99']"
['Cerveja Skol Pilsen 269ml Lata'],"['R$2,39']"
['Cerveja MARTINA Artesanal Session Ipa Garrafa 300ml'],"['R$9,09']"
['Cerveja Patagonia Bohemian Pilsener 355ml Long Neck'],"['R$5,39']"
['Cerveja Brahma Chopp Pilsen 269ml Lata'],"['R$2,49']"
['Cerveja KAISER Pilsen Latão 473ml'],"['R$2,89']"
['Cerveja COLORADO Ribeirão Lager 600 ML Garrafa'],"['R$10,99']"
['Cerveja Hocus Pocus Interstellar Garrafa 500ml'],"['R$27,99']"
['Cerveja FRANZISKANER Weissbier Dunkel Garrafa 500ml'],"['R$19,99']"
['Kit 6 Cervejas Brahma Duplo Malte 350Ml + Pizza de frango com catupiry Seara 460g'],"['R$36,13']"
['Kit Cerveja BLUE MOON Garrafa 355ml com 24 unidades'],"['R$383,76']"
['Kit 3 Cerveja Stella Artois SEM GLUTEN 330 ML Long Neck + \tKibe Seara incrível 300g'],"['R$34,76']"
['Cerveja Mexicana CORONA Garrafa 330ml - 24 Unidades'],"['R$143,76']"
['Cerveja Lager Premium Puro Malte Heineken Garrafa 330ml'],"['R$5,29']"
['Cerveja Malzbier Itaipava Lata 350ml'],"['R$3,39']"
['Cerveja Witbier Baden Baden Garrafa 600ml'],"['R$12,89']"
['Cerveja BADEN BADEN American Ipa Puro Malte Garrafa 600ml'],"['R$12,89']"
['Cerveja Amstel Ultra Garrafa 275ml'],"['R$3,99']"
['Cerveja COLORADO Indica Garrafa 600ML'],"['R$12,99']"
['Cerveja SKOL  Lata 269ML 15 unidades'],"['R$34,35']"
['Cerveja EISENBAHN Pale Ale Puro Malte Lata 350ml'],"['R$4,69']"
['Cerveja PATAGONIA AMBER LAGER Garrafa 740ML'],"['R$12,99']"
['Cerveja Becks Puro Malte 330ml Long Neck'],"['R$5,79']"
['Cerveja Becks Puro Malte 350ml Lata'],"['R$4,79']"
['Cerveja Lager Premium Puro Malte Zero Álcool Heineken Garrafa 330ml'],"['R$5,29']"
['Cerveja Blue Moon Belgian White Garrafa 355ml'],"['R$15,99']"
['Cerveja FABRICA 1959 PILSEN Puro Malte Garrafa 500ml'],"['R$11,49']"
['Cerveja COLORADO Do Leme ao Pontal Garrafa 600ml'],"['R$13,29']"
['Cerveja Hoegaarden White 269ml Lata'],"['R$4,99']"
['Cerveja Colorado Demoiselle 600ml Garrafa'],"['R$12,99']"
['Cerveja BADEN BADEN Christmas Garrafa 600ml'],"['R$15,99']"
['Cerveja BOHEMIA Lata 350ml'],"['R$3,09']"
['Cerveja Malzbier Itaipava Garrafa 355ml'],"['R$3,59']"
['Cerveja Black Princess Gold 355ml'],"['R$3,09']"
['Cerveja Alemã PAULANER Hefe Weissbier sem Álcool Garrafa 500ml'],"['R$23,86']"
['Cerveja ITAIPAVA Lata 269ml'],"['R$1,89']"
['Cerveja Skol Pilsen 350ml Lata'],"['R$2,79']"
['Cerveja PATAGONIA WEISSE Garrafa 740ML'],"['R$12,99']"
['Cerveja HEINEKEN Garrafa 600ml - Caixa com 12 Unidades'],"['R$119,88']"
['Kit 6 Cervejas Eisenbahn Pilsen Puro Malte Long Neck 355ml + 1 Tradicional Burger Seara Gourmet 360g'],"['R$00,00']"
['Kit com 4 Cerveja Brasil EISENBAHN Weiss 355ml + 1 Kit Saint Peters com Purê de Abóbora e Arroz de Coco 340g'],"['R$47,15']"
['Cerveja ESTRELLA GALICIA sem Álcool Garrafa 250ml - Pack com 12 unidades'],"['R$00,00']"
['Kit de Cerveja Eisenbahn Ipa e Pale Ale harmonizados com Salame e Queijo Parmesão'],"['R$00,00']"
['Cerveja de Trigo HOEGAARDEN 330 ML Long Neck Pack c/ 6 unid'],"['R$35,94']"
['Kit 12 Cervejas Eisenbahn American Ipa Puro Malte Long Neck 355ml + 2 Gran Angus Burger Seara Gourmet 400g + 1 Bacon em Fatias Seara Gourmet 250g'],"['R$00,00']"
['Kit 12 Cervejas Heineken Lata 350ml + 1 Gran Angus Burger Seara Gourmet 400g'],"['R$00,00']"
['Kit Cerveja PATAGONIA Amber Lager Lata 473ml 6 Unidades'],"['R$38,94']"
['Cerveja Colorado Ribeirão Lager 600ml Garrafa CX C/12'],"['R$131,88']"
['Kit 15 Cerveja BRAHMA Chopp Lata 269ml & 2 Ovinhos de Amendoim Elma Chips Pacote 170g'],"['R$51,33']"
['Kit 2 Canecas de CHOPP 400ML + Cerveja BRAHMA DUPLO MALTE 350 ml Lata (Pack 12 unidades)'],"['R$00,00']"
['Kit Churrasco: 1 CAIXA TERMICA MOR 34 L AZUL + Cerveja BRAHMA DUPLO MALTE 350 ml Lata (Pack 24 unidades)'],"['R$206,55']"
['Kit Skol Puro Malte + Doritos Queijo Nacho '],"['R$00,00']"
['Cerveja HEINEKEN Lata 350ml - Caixa com 12 Unidades'],"['R$55,80']"
['Cerveja HEINEKEN Lata 350ml - Caixa com 24 Unidades'],"['R$111,60']"
['Kit 6 Cervejas Eisenbahn American Ipa Puro Malte Lata 350ml + 1 Gran Angus Burger Seara Gourmet 400g'],"['R$00,00']"
['Kit com 2 Cerveja BADEN BADEN Golden 600ml + 1 Kit Risoto de Camarão DELLMARE 340g'],"['R$63,07']"
['Kit com 15 Cervejas SKOL Lata 269ml Cada + Sacola Cooler'],"['R$77,84']"
['Cerveja SKOL 269 ml Lata - 15 Unidades'],"['R$35,85']"
['Kit 15 Cerveja SKOL Lata 269ml & 2 Batata Frita Sensações Sabor Peito de Peru ELMA CHIPS 45g'],"['R$47,23']"
['Cerveja Lager Premium Puro Malte Estrella Galicia Garrafa 600ml'],"['R$00,00']"
['Kit Skol + Torcida Pimenta Mexicana'],"['R$21,04']"
['kit 12 Cerveja Budweiser Long neck 330 ml + 1 Hambúrguer de Carne Bovina Fraldinha Wessel Caixa 360g'],"['R$78,87']"
['Kit Pizza Artesanal Calabrese Seara Gourmet 450g + Ketchup Heinz Squeeze 397g + 6 Cervejas Becks Puro Malte 350ml Lata'],"['R$75,32']"
['Kit 4 Cervejas EISENBAHN Pilsen Long Neck Garrafa 355ml + Queijo Tipo Brie FAIXA AZUL 300g'],"['R$42,60']"
['Cerveja EISENBAHN Pilsen Long Neck Garrafa 355ml - Caixa com 12 Unidades'],"['R$51,48']"
['Cerveja Therezópolis Or Blanc Witbier Garrafa 500ml '],"['R$00,00']"
['Cerveja FABRICA 1959 IPA Garrafa 500ml'],"['R$00,00']"
['Cerveja CONTI Bier Lata 269ml'],"['R$00,00']"
['Cerveja Draft Chopp de Vinho Ice 300ml'],"['R$00,00']"
['Cerveja Tripel Hop Citra Duvel Garrafa 330ml'],"['R$00,00']"
['Cerveja TUPINIQUIM Polimango Ipa Lata 350ml'],"['R$00,00']"
['Kit Cerveja Stella 269ml C/8 Latas + 1 Cálice 250ml'],"['R$00,00']"
['Cerveja ESTRELLA GALICIA sem Álcool Garrafa 250ml'],"['R$00,00']"
['Cerveja EISENBAHN Session Ipa Garrafa Long Neck 355ml'],"['R$00,00']"
['Cerveja Espanhola ESTRELLA GALICIA Lata 269ml'],"['R$00,00']"
['Cerveja Fruit Kriek Brut Liefmans Garrafa 330ml'],"['R$00,00']"
['Cerveja Serramalte Puro Malte 350ml Lata'],"['R$00,00']"
"['Kit 12 Cervejas PATAGONIA WEISSE Garrafa 740ML + Contra Filé Maturatta FRIBOI Resfriado Pedaço 1,4kg']","['R$270,35']"
['Kit 4 Cervejas Brasil EISENBAHN Weiss Garrafa 355ml + Queijo Tipo Brie FAIXA AZUL 300g'],"['R$46,60']"
['Kit 4 Cervejas Brasil EISENBAHN Weiss Garrafa 355ml + Mussarela de Búfala Bola Média QUALITÁ 250g'],"['R$44,65']"
['Kit de Cervejas EISENBAHN Diversas - 12 Unidades'],"['R$53,88']"
['Kit de Cerveja Eisenbahn Pilsen e Weiss harmonizados com Mix de Nuts e Queijo Brie'],"['R$00,00']"
['Cerveja ITAIPAVA Lata 350ml'],"['R$00,00']"
['Kit 4 Cervejas Becks 330 Ml Long Neck + 1 Pizza Artesanal Margherita Seara Gourmet 450g'],"['R$45,15']"
['Kit Stella Artois + Doritos Queijo Nacho'],"['R$00,00']"
['Kit 6 Cerveja STELLA ARTOIS Lata 269ml & 1 Ovinhos de Amendoim Elma Chips Pacote 170g'],"['R$27,33']"
['Kit Cervejas - Cervejaria PATAGÔNIA - 6 Unidades'],"['R$00,00']"
['Kit Cerveja HOEGAARDEN Witbier Garrafa 330ml Importada com 4 unidades'],"['R$23,96']"
['Cerveja Americana BROOKLYN IPA Garrafa 355ml'],"['R$00,00']"
['Cerveja American Ipa Lübeck Garrafa 500ml'],"['R$00,00']"
['Cerveja Ale Chocolate Baden Baden Garrafa 600ml'],"['R$00,00']"
['Cerveja Patagonia Bohemian Pilsener Lata 350ml'],"['R$00,00']"
['Cerveja Patagonia Weisse Lata 350ml'],"['R$00,00']"
['Cerveja Patagonia Amber Lager 350ml'],"['R$00,00']"
['Cerveja Budweiser American Lager 350ml Lata'],"['R$00,00']"
['Cerveja Lager Premium Petra Garrafa 355ml'],"['R$00,00']"
['Cerveja Puro Malte Petra Origem Lata 350ml'],"['R$00,00']"
['Cerveja SPATEN Munich Garrafa 355ml'],"['R$00,00']"
['Cerveja ITAIPAVA Zero Álcool Lata 350ml'],"['R$00,00']"
['Cerveja GOOSE ISLAND IPA Long Neck 355ML 6 unidades'],"['R$00,00']"
['Cerveja 2 Cabeças Seu ZÉ 500ml\t'],"['R$00,00']"
['Cerveja Titobier Marx Red Ipa 300ml'],"['R$00,00']"
"[""Cerveja Fuller's London Pride Garrafa 500ml""]","['R$00,00']"
['Cerveja Cusqueña Golden Lager Garrafa 330ml'],"['R$00,00']"
['Cerveja CZECHVAR Lager 330ml'],"['R$00,00']"
['Cerveja Artesanal Leuven Red Ale Knight 500Ml'],"['R$00,00']"
['Kit Cerveja Brahma Duplo Malte 350ml C/6 Latas + 1 Copo'],"['R$00,00']"
['Cerveja Kona Big Wave Golden Ale Garrafa 355ml'],"['R$00,00']"
['Cerveja ESTRELLA GALICIA Lager Lata 350ml'],"['R$00,00']"
['Cerveja Colorado Indica 350ml'],"['R$00,00']"
['Cerveja Brahma Duplo Malte 350ml 30 Unidades'],"['R$00,00']"
['Cerveja Belga CHIMAY Pères Trappistes Garrafa 330ml'],"['R$00,00']"
['Cerveja WALS Bohemian Pilsner Garrafa 600ml'],"['R$00,00']"
['Cerveja Pale Ale Premium TUPINIQUIM Lata 350ml'],"['R$00,00']"
['Cerveja BLONDINE Witbier Garrafa 500ml'],"['R$00,00']"
['Cerveja Leuven Mystic Potion Sour Uva Garrafa 355ml'],"['R$00,00']"
['Kit COLORADO Appia + 1 Copo'],"['R$00,00']"
['Cerveja Paulaner Weissbier Lata 500ml'],"['R$00,00']"
['Cerveja Hocus Pocus Magic Trap Garrafa 500ml'],"['R$00,00']"
['CERV THEREZ DUNKEL'],"['R$00,00']"
['Cerveja Hocus Pocus Pineapple Express American IPA 500ml'],"['R$00,00']"
['Cerveja DEVASSA Puro Malte Lata 350ml'],"['R$00,00']"
['Kit Cerveja Münchner Hell + Cerveja Hefe-Weissbier Garrafa 500ml Cada + 1 Copo Paulaner '],"['R$00,00']"
"[""Cerveja English IPA Puro Malte Let's Hop Black Princess Garrafa 600ml""]","['R$00,00']"
"['Compre 8 Stella Artois +R$5,00 leve Linguiça Seara Gourmet']","['R$00,00']"
['Kit 1 Cerveja COLORADO DEMOISEL Garrafa 600ML + 2 Chocolate Suíço 70% Cocoa Amargo LINDT Excellence Barra 100g'],"['R$00,00']"
['Cerveja PETRA Aurum Garrafa 500ml'],"['R$00,00']"
['Kit Cerveja COLORADO Appia Garrafa 600ml 12 Unidades'],"['R$131,88']"
['Kit 4 Cerveja Goose Island Midway garrafa 355 ml + 1 Hambúrguer de Carne Bovina Fraldinha Wessel Caixa 360g'],"['R$60,95']"
['Kit 4 Cervejas Goose Island Midway 355ml + 1 Fondue de Queijo Parmesão Faixa Azul 400g'],"['R$00,00']"
['Kit Cervejas Estilo SESSION IPA com 01 Unidade de WALS Session Citra Garrafa 600ml + 02 Unidades de GOOSE ISLAND MIDWAY Garrafa 355ml '],"['R$32,97']"
['Kit Cervejas - Cervejaria GOOSE ISLAND e HOEGAARDEN - 6 Unidades'],"['R$00,00']"
['Cerveja East IPA Puro Malte Brooklyn Lata 350ml'],"['R$00,00']"
"['Kit 6 Cervejas Colorado Ribeirão Lager 600ml + Entrecote Filé Costela Bovino Maturatta Friboi 1,2kg']","['R$145,78']"
"['Kit 12 Cervejas PATAGONIA WEISSE Garrafa 740ML + \tEntrecote Filé de Costela Bovino Resfriado Maturatta FRIBOI à Vácuo 1,2Kg']","['R$235,72']"
['Cerveja STELLA ARTOIS 330 ml Long Neck'],"['R$00,00']"
['Kit 6 Cervejas BUDWEISER Lata 350ml + Tradicional Burger SEARA Gourmet Caixa 360g'],"['R$00,00']"
"['Kit 3 Cervejas Patagônia + Entrecote Filé de Costela Bovino Resfriado Maturatta FRIBOI à Vácuo 1,2Kg']","['R$00,00']"
"['Kit Com 4 Cervejas PATAGONIA Amber Lager Garrafa Long Neck 355ml + 1 Entrecote Filé De Costela Bovino Resfriado Maturatta FRIBOI À Vácuo 1,4Kg']","['R$101,40']"
"['Kit 6 Cerveja PATAGONIA AMBER LAGER Garrafa 740ML + \tEntrecote Filé De Costela Bovino Resfriado Maturatta FRIBOI À Vácuo 1,2Kg']","['R$157,78']"
"['Kit 24 Brahmas Duplo Malte + Entrecote Filé Costela Bovino Maturatta Friboi 1,2kg']","['R$156,40']"
"['Kit 12 Cervejas PATAGONIA AMBER LAGER Garrafa 740ML + Entrecote Filé de Costela Bovino Resfriado Maturatta FRIBOI à Vácuo 1,2Kg']","['R$235,72']"
"['Kit 6 Cerveja PATAGONIA WEISSE Garrafa 740ML + Entrecote Filé De Costela Bovino Resfriado Maturatta FRIBOI À Vácuo 1,2Kg']","['R$157,78']"
['Cerveja BURGUESA  269ml'],"['R$00,00']"
['Kit Cervejas Cervejaria GOOSE ISLAND com IPA Garrafa 355ml + MIDWAY Garrafa 355ml (3 unidade de cada)'],"['R$00,00']"
['Kit Cervejas - Cervejaria GOOSE ISLAND Ipa e Midway - 12 Unidades'],"['R$00,00']"
['Kit Cervejas Cervejaria GOOSE ISLAND com IPA Garrafa 355ml + MIDWAY Garrafa 355ml (2 unidade de cada)'],"['R$00,00']"
['Kit 4 Cerveja Goose Island Midway garrafa 355 ml + 1 Hambúrguer Big de Picanha WESSEL Caixa 400g'],"['R$63,95']"
['Kit Cerveja Americana GOOSE ISLAND MIDWAY Garrafa 355ml 6 Unidades'],"['R$53,94']"
['Kit Cerveja Americana GOOSE ISLAND MIDWAY Garrafa 355ml com 4 unidades'],"['R$35,96']"
['Cerveja Alemã PAULANER Weiss Garrafa 330ml'],"['R$00,00']"
['Cerveja Blondine Jackpot 777 Helles Garrafa 500ml'],"['R$00,00']"
['Cerveja IPA Maniacs Garrafa 355ml'],"['R$00,00']"
['Kit Cervejas - Cervejaria COLORADO com 6 Unidades'],"['R$69,94']"
['Kit 2 Cerveja Colorado Indica IPA garrafa 600 ml + 1 Hambúrguer Big de Picanha WESSEL Caixa 400g'],"['R$53,97']"
['Kit Cervejas Cervejaria COLORADO com Ribeirão Lager Garrafa 600ml + Appia Garrafa 600ml + Indica Garrafa 600ml (1 unidade de cada)'],"['R$34,97']"
['Kit Cervejas Estilo IPA com 01 Unidade de COLORADO Indica Garrafa 600ml + 02 Unidades de GOOSE ISLAND IPA Garrafa 355ml Importada'],"['R$00,00']"
['Kit 6 Cerveja STELLA ARTOIS Garrafa 275ml & 1 Batata Frita Sensações Sabor Peito de Peru ELMA CHIPS 45g'],"['R$32,63']"
['Cerveja Stella Artois Puro Malte 275ml Long Neck Pack C/12'],"['R$53,88']"
['Kit 6 Cervejas BUDWEISER Lata 269ml + Gran Angus Burger SEARA Gourmet Caixa 400g'],"['R$00,00']"
['Cerveja BUDWEISER Lata 269ml Cada - Pack com 48 Unidades'],"['R$153,12']"
['Kit 15 Cerveja BUDWEISER Lata 269ml & 2 Batata Frita Sensações Sabor Peito de Peru ELMA CHIPS 45g'],"['R$59,23']"
['Kit 6 Cervejas BUDWEISER Lata 269ml + Ancho Suíno ao Chimichurri SEARA 600g'],"['R$44,50']"
['Kit 6 Cervejas BUDWEISER Lata 269ml + Coxinha da Asa Buffalo Wings SEARA 800g'],"['R$42,13']"
[' Cerveja BUDWEISER Lata 269ml Cada - Pack com 16 unidades'],"['R$51,04']"
['Kit 6 Cervejas BUDWEISER Lata 269ml + Sobrecoxa Desossada ao Chimichurri SEARA 800g'],"['R$37,43']"
['Kit Gran Angus Burger Seara Gourmet Caixa 400g + Cerveja Budweiser American Lager 269ml + Ketchup Heinz Squeeze 397g'],"['R$00,00']"
['Cerveja Budweiser American Lager 269ml Lata Pack C/48'],"['R$153,12']"
['Cerveja HEINEKEN Long Neck Garrafa 330ml - Caixa com 24 Unidades'],"['R$00,00']"
['Kit 6 Cervejas BUDWEISER Lata 269ml + Picanha Suína ao Alho SEARA 850g'],"['R$43,71']"
['Cerveja Budweiser American Lager 269ml Lata Pack C/8'],"['R$25,52']"
['Kit 6 Cervejas Eisenbahn Pilsen Puro Malte Long Neck 355ml + 1 Tradicional Burger Seara Gourmet 360g'],"['R$00,00']"
['Kit com 4 Cerveja Brasil EISENBAHN Weiss 355ml + 1 Kit Saint Peters com Purê de Abóbora e Arroz de Coco 340g'],"['R$47,15']"
['Kit Skol Puro Malte + Doritos Queijo Nacho '],"['R$00,00']"
['Cerveja HEINEKEN Lata 350ml - Caixa com 12 Unidades'],"['R$55,80']"
['Cerveja HEINEKEN Lata 350ml - Caixa com 24 Unidades'],"['R$111,60']"
['Kit 6 Cervejas Eisenbahn American Ipa Puro Malte Lata 350ml + 1 Gran Angus Burger Seara Gourmet 400g'],"['R$00,00']"
['Kit com 2 Cerveja BADEN BADEN Golden 600ml + 1 Kit Risoto de Camarão DELLMARE 340g'],"['R$63,07']"
['Kit com 15 Cervejas SKOL Lata 269ml Cada + Sacola Cooler'],"['R$77,84']"
['Cerveja SKOL 269 ml Lata - 15 Unidades'],"['R$35,85']"
['Kit 15 Cerveja SKOL Lata 269ml & 2 Batata Frita Sensações Sabor Peito de Peru ELMA CHIPS 45g'],"['R$47,23']"
['Cerveja Lager Premium Puro Malte Estrella Galicia Garrafa 600ml'],"['R$00,00']"
['Kit Skol + Torcida Pimenta Mexicana'],"['R$21,04']"
['kit 12 Cerveja Budweiser Long neck 330 ml + 1 Hambúrguer de Carne Bovina Fraldinha Wessel Caixa 360g'],"['R$78,87']"
['Kit Pizza Artesanal Calabrese Seara Gourmet 450g + Ketchup Heinz Squeeze 397g + 6 Cervejas Becks Puro Malte 350ml Lata'],"['R$75,32']"
['Kit 15 Cerveja SKOL Lata 269ml & 2 Ovinhos de Amendoim Elma Chips Pacote 170g'],"['R$49,83']"
['Cerveja Lager Premium Madalena Garrafa 600ml'],"['R$00,00']"
['kit 12 BUDWEISER LATA 350ML + 1 Hambúrguer de Carne Bovina Fraldinha Wessel Caixa 360g'],"['R$00,00']"
['Kit 4 Cerveja EISENBAHN Pale Ale Long Neck Garrafa 355ml + Queijo Holandês Gouda Pedaço 200g'],"['R$00,00']"
['Cerveja STELLA ARTOIS 269ml - Caixa com 16 Unidades'],"['R$54,24']"
['Kit com 2 Cerveja BADEN BADEN Golden 600ml + 1 Kit Moqueca de Saint Peters com Camarão 340g'],"['R$47,27']"
['Kit Cerveja HOEGAARDEN Garrafa 300ml com 24 Unidades'],"['R$143,76']"
['Kit Bélgica'],"['R$00,00']"
['Kit Cerveja Wals Session CITRA 600ml 12 Unidades'],"['R$179,88']"
['Cerveja Budweiser Lager  330ml Long Neck Pack C/6'],"['R$26,94']"
['Cerveja BUDWEISER Garrafa 330ml - 16 unidades'],"['R$71,84']"
['Kit Cervejas Cervejaria PATAGÔNIA com Weisse Garrafa 740ml + Amber Lager Garrafa 740ml + Bohemian Pilsner Garrafa 740ml (1 unidade de cada)'],"['R$00,00']"
['Cerveja Therezópolis Or Blanc Witbier Garrafa 500ml '],"['R$00,00']"
['Cerveja FABRICA 1959 IPA Garrafa 500ml'],"['R$00,00']"
['Cerveja CONTI Bier Lata 269ml'],"['R$00,00']"
['Cerveja Draft Chopp de Vinho Ice 300ml'],"['R$00,00']"
['Cerveja Tripel Hop Citra Duvel Garrafa 330ml'],"['R$00,00']"
['Cerveja TUPINIQUIM Polimango Ipa Lata 350ml'],"['R$00,00']"
['Kit Cerveja Stella 269ml C/8 Latas + 1 Cálice 250ml'],"['R$00,00']"
['Cerveja ESTRELLA GALICIA sem Álcool Garrafa 250ml'],"['R$00,00']"
['Cerveja EISENBAHN Session Ipa Garrafa Long Neck 355ml'],"['R$00,00']"
['Cerveja Espanhola ESTRELLA GALICIA Lata 269ml'],"['R$00,00']"
['Cerveja Fruit Kriek Brut Liefmans Garrafa 330ml'],"['R$00,00']"
['Cerveja Serramalte Puro Malte 350ml Lata'],"['R$00,00']"
